{
  "GET Frontend Dashboard Page" : {
    "transaction" : "GET Frontend Dashboard Page",
    "sampleCount" : 100,
    "errorCount" : 0,
    "errorPct" : 0.0,
    "meanResTime" : 494.73999999999984,
    "medianResTime" : 444.5,
    "minResTime" : 15.0,
    "maxResTime" : 892.0,
    "pct1ResTime" : 773.6000000000001,
    "pct2ResTime" : 801.95,
    "pct3ResTime" : 891.5799999999998,
    "throughput" : 6.67779632721202,
    "receivedKBytesPerSec" : 5.6735183639399,
    "sentKBytesPerSec" : 1.0238418196994992
  },
  "POST Login" : {
    "transaction" : "POST Login",
    "sampleCount" : 100,
    "errorCount" : 0,
    "errorPct" : 0.0,
    "meanResTime" : 2251.980000000001,
    "medianResTime" : 2335.0,
    "minResTime" : 880.0,
    "maxResTime" : 3665.0,
    "pct1ResTime" : 3346.6,
    "pct2ResTime" : 3510.5499999999997,
    "pct3ResTime" : 3664.6299999999997,
    "throughput" : 5.607581450120563,
    "receivedKBytesPerSec" : 3.619080496831717,
    "sentKBytesPerSec" : 1.23761074973364
  },
  "GET Frontend Menu Page" : {
    "transaction" : "GET Frontend Menu Page",
    "sampleCount" : 100,
    "errorCount" : 0,
    "errorPct" : 0.0,
    "meanResTime" : 279.1500000000001,
    "medianResTime" : 282.5,
    "minResTime" : 7.0,
    "maxResTime" : 332.0,
    "pct1ResTime" : 321.9,
    "pct2ResTime" : 325.0,
    "pct3ResTime" : 331.99,
    "throughput" : 6.70690811535882,
    "receivedKBytesPerSec" : 5.698252012072435,
    "sentKBytesPerSec" : 1.0479543930248156
  },
  "Total" : {
    "transaction" : "Total",
    "sampleCount" : 400,
    "errorCount" : 0,
    "errorPct" : 0.0,
    "meanResTime" : 1069.284999999999,
    "medianResTime" : 542.0,
    "minResTime" : 7.0,
    "maxResTime" : 3665.0,
    "pct1ResTime" : 2633.8000000000006,
    "pct2ResTime" : 3038.5999999999995,
    "pct3ResTime" : 3575.3500000000004,
    "throughput" : 21.88303517697905,
    "receivedKBytesPerSec" : 15.411619036872914,
    "sentKBytesPerSec" : 5.810757905246458
  },
  "POST Criar Cliente Teste" : {
    "transaction" : "POST Criar Cliente Teste",
    "sampleCount" : 100,
    "errorCount" : 0,
    "errorPct" : 0.0,
    "meanResTime" : 1251.2700000000004,
    "medianResTime" : 1232.5,
    "minResTime" : 23.0,
    "maxResTime" : 2636.0,
    "pct1ResTime" : 2248.2000000000003,
    "pct2ResTime" : 2306.0499999999997,
    "pct3ResTime" : 2635.0899999999997,
    "throughput" : 5.9844404548174746,
    "receivedKBytesPerSec" : 2.8275312312986234,
    "sentKBytesPerSec" : 3.182974266906044
  },
  "Login" : {
    "transaction" : "Login",
    "sampleCount" : 100,
    "errorCount" : 0,
    "errorPct" : 0.0,
    "meanResTime" : 2421.1499999999996,
    "medianResTime" : 2497.0,
    "minResTime" : 1105.0,
    "maxResTime" : 3712.0,
    "pct1ResTime" : 3410.7,
    "pct2ResTime" : 3558.8,
    "pct3ResTime" : 3711.71,
    "throughput" : 5.518763796909493,
    "receivedKBytesPerSec" : 3.56175841611479,
    "sentKBytesPerSec" : 1.2180084161147902
  }
}