{
  "GET Itens Estoque" : {
    "transaction" : "GET Itens Estoque",
    "sampleCount" : 50,
    "errorCount" : 0,
    "errorPct" : 0.0,
    "meanResTime" : 638.68,
    "medianResTime" : 643.5,
    "minResTime" : 398.0,
    "maxResTime" : 1128.0,
    "pct1ResTime" : 750.6,
    "pct2ResTime" : 937.0499999999997,
    "pct3ResTime" : 1128.0,
    "throughput" : 18.49796522382538,
    "receivedKBytesPerSec" : 12.374127127266002,
    "sentKBytesPerSec" : 6.701899509803922
  },
  "GET Categorias" : {
    "transaction" : "GET Categorias",
    "sampleCount" : 50,
    "errorCount" : 0,
    "errorPct" : 0.0,
    "meanResTime" : 794.7799999999997,
    "medianResTime" : 546.0,
    "minResTime" : 262.0,
    "maxResTime" : 1609.0,
    "pct1ResTime" : 1512.1,
    "pct2ResTime" : 1542.25,
    "pct3ResTime" : 1609.0,
    "throughput" : 13.8811771238201,
    "receivedKBytesPerSec" : 14.843641553303721,
    "sentKBytesPerSec" : 5.124106399222654
  },
  "Login" : {
    "transaction" : "Login",
    "sampleCount" : 50,
    "errorCount" : 0,
    "errorPct" : 0.0,
    "meanResTime" : 2543.6599999999994,
    "medianResTime" : 2615.5,
    "minResTime" : 1039.0,
    "maxResTime" : 4631.0,
    "pct1ResTime" : 3919.7999999999997,
    "pct2ResTime" : 4201.849999999999,
    "pct3ResTime" : 4631.0,
    "throughput" : 10.713520462824084,
    "receivedKBytesPerSec" : 6.914405667452325,
    "sentKBytesPerSec" : 2.364507445896722
  },
  "GET Clientes" : {
    "transaction" : "GET Clientes",
    "sampleCount" : 50,
    "errorCount" : 0,
    "errorPct" : 0.0,
    "meanResTime" : 1645.88,
    "medianResTime" : 1498.0,
    "minResTime" : 415.0,
    "maxResTime" : 2880.0,
    "pct1ResTime" : 2843.6,
    "pct2ResTime" : 2864.7,
    "pct3ResTime" : 2880.0,
    "throughput" : 12.537612838515548,
    "receivedKBytesPerSec" : 21.279659290371114,
    "sentKBytesPerSec" : 4.664873526830491
  },
  "GET Google Font Average Sans" : {
    "transaction" : "GET Google Font Average Sans",
    "sampleCount" : 50,
    "errorCount" : 0,
    "errorPct" : 0.0,
    "meanResTime" : 1721.36,
    "medianResTime" : 1720.5,
    "minResTime" : 1658.0,
    "maxResTime" : 1769.0,
    "pct1ResTime" : 1752.0,
    "pct2ResTime" : 1763.8,
    "pct3ResTime" : 1769.0,
    "throughput" : 28.26455624646693,
    "receivedKBytesPerSec" : 22.85454352741662,
    "sentKBytesPerSec" : 5.27200219050311
  },
  "Load Login Page" : {
    "transaction" : "Load Login Page",
    "sampleCount" : 50,
    "errorCount" : 0,
    "errorPct" : 0.0,
    "meanResTime" : 2995.8600000000006,
    "medianResTime" : 3052.0,
    "minResTime" : 2559.0,
    "maxResTime" : 3417.0,
    "pct1ResTime" : 3373.2999999999997,
    "pct2ResTime" : 3408.9,
    "pct3ResTime" : 3417.0,
    "throughput" : 14.501160092807424,
    "receivedKBytesPerSec" : 2915.880243075696,
    "sentKBytesPerSec" : 9.955386274651973
  },
  "GET Itens (Produtos)" : {
    "transaction" : "GET Itens (Produtos)",
    "sampleCount" : 50,
    "errorCount" : 0,
    "errorPct" : 0.0,
    "meanResTime" : 526.0000000000001,
    "medianResTime" : 523.0,
    "minResTime" : 242.0,
    "maxResTime" : 839.0,
    "pct1ResTime" : 697.6,
    "pct2ResTime" : 708.9499999999999,
    "pct3ResTime" : 839.0,
    "throughput" : 26.82403433476395,
    "receivedKBytesPerSec" : 70.46548082081544,
    "sentKBytesPerSec" : 9.744668723175964
  },
  "GET Frontend Splash Page" : {
    "transaction" : "GET Frontend Splash Page",
    "sampleCount" : 50,
    "errorCount" : 0,
    "errorPct" : 0.0,
    "meanResTime" : 420.93999999999994,
    "medianResTime" : 423.0,
    "minResTime" : 345.0,
    "maxResTime" : 494.0,
    "pct1ResTime" : 484.09999999999997,
    "pct2ResTime" : 489.0,
    "pct3ResTime" : 494.0,
    "throughput" : 96.15384615384616,
    "receivedKBytesPerSec" : 81.69320913461539,
    "sentKBytesPerSec" : 14.460637019230768
  },
  "GET Frontend Dashboard Page" : {
    "transaction" : "GET Frontend Dashboard Page",
    "sampleCount" : 50,
    "errorCount" : 0,
    "errorPct" : 0.0,
    "meanResTime" : 132.46,
    "medianResTime" : 55.0,
    "minResTime" : 14.0,
    "maxResTime" : 649.0,
    "pct1ResTime" : 420.19999999999993,
    "pct2ResTime" : 561.0499999999995,
    "pct3ResTime" : 649.0,
    "throughput" : 15.192950470981463,
    "receivedKBytesPerSec" : 12.908073154056519,
    "sentKBytesPerSec" : 2.3293879140079006
  },
  "POST Login" : {
    "transaction" : "POST Login",
    "sampleCount" : 50,
    "errorCount" : 0,
    "errorPct" : 0.0,
    "meanResTime" : 2488.6400000000003,
    "medianResTime" : 2575.0,
    "minResTime" : 888.0,
    "maxResTime" : 4589.0,
    "pct1ResTime" : 3876.1,
    "pct2ResTime" : 4158.299999999999,
    "pct3ResTime" : 4589.0,
    "throughput" : 10.817827780181739,
    "receivedKBytesPerSec" : 6.981724632193855,
    "sentKBytesPerSec" : 2.387528396797923
  },
  "GET Vendas 6 Meses" : {
    "transaction" : "GET Vendas 6 Meses",
    "sampleCount" : 50,
    "errorCount" : 0,
    "errorPct" : 0.0,
    "meanResTime" : 1759.22,
    "medianResTime" : 1794.0,
    "minResTime" : 899.0,
    "maxResTime" : 2482.0,
    "pct1ResTime" : 2288.3,
    "pct2ResTime" : 2420.0499999999997,
    "pct3ResTime" : 2482.0,
    "throughput" : 10.850694444444445,
    "receivedKBytesPerSec" : 375.83245171440973,
    "sentKBytesPerSec" : 4.38690185546875
  },
  "GET Frontend Menu Page" : {
    "transaction" : "GET Frontend Menu Page",
    "sampleCount" : 50,
    "errorCount" : 0,
    "errorPct" : 0.0,
    "meanResTime" : 82.82000000000002,
    "medianResTime" : 53.5,
    "minResTime" : 6.0,
    "maxResTime" : 613.0,
    "pct1ResTime" : 166.9,
    "pct2ResTime" : 409.34999999999866,
    "pct3ResTime" : 613.0,
    "throughput" : 15.262515262515262,
    "receivedKBytesPerSec" : 12.967176053113555,
    "sentKBytesPerSec" : 2.3847680097680097
  },
  "Total" : {
    "transaction" : "Total",
    "sampleCount" : 750,
    "errorCount" : 0,
    "errorPct" : 0.0,
    "meanResTime" : 787.6666666666669,
    "medianResTime" : 466.0,
    "minResTime" : 6.0,
    "maxResTime" : 4589.0,
    "pct1ResTime" : 1843.9999999999998,
    "pct2ResTime" : 2512.5999999999954,
    "pct3ResTime" : 3764.550000000001,
    "throughput" : 54.59309943223176,
    "receivedKBytesPerSec" : 924.7697137956762,
    "sentKBytesPerSec" : 15.379188883025186
  },
  "GET Fornecedores" : {
    "transaction" : "GET Fornecedores",
    "sampleCount" : 50,
    "errorCount" : 0,
    "errorPct" : 0.0,
    "meanResTime" : 291.91999999999996,
    "medianResTime" : 289.5,
    "minResTime" : 127.0,
    "maxResTime" : 454.0,
    "pct1ResTime" : 382.2,
    "pct2ResTime" : 412.64999999999975,
    "pct3ResTime" : 454.0,
    "throughput" : 38.52080123266564,
    "receivedKBytesPerSec" : 47.285788231895225,
    "sentKBytesPerSec" : 14.48291843220339
  },
  "GET Login Image (RoupasLogin.png)" : {
    "transaction" : "GET Login Image (RoupasLogin.png)",
    "sampleCount" : 50,
    "errorCount" : 0,
    "errorPct" : 0.0,
    "meanResTime" : 188.93999999999997,
    "medianResTime" : 191.0,
    "minResTime" : 168.0,
    "maxResTime" : 208.0,
    "pct1ResTime" : 205.0,
    "pct2ResTime" : 206.45,
    "pct3ResTime" : 208.0,
    "throughput" : 181.8181818181818,
    "receivedKBytesPerSec" : 36103.87073863636,
    "sentKBytesPerSec" : 33.02556818181818
  },
  "GET Usuarios (Funcionarios)" : {
    "transaction" : "GET Usuarios (Funcionarios)",
    "sampleCount" : 50,
    "errorCount" : 0,
    "errorPct" : 0.0,
    "meanResTime" : 345.32,
    "medianResTime" : 323.5,
    "minResTime" : 161.0,
    "maxResTime" : 700.0,
    "pct1ResTime" : 545.4,
    "pct2ResTime" : 557.15,
    "pct3ResTime" : 700.0,
    "throughput" : 32.765399737876805,
    "receivedKBytesPerSec" : 255.62771338466578,