{
  "GET Frontend Index HTML" : {
    "transaction" : "GET Frontend Index HTML",
    "sampleCount" : 20,
    "errorCount" : 0,
    "errorPct" : 0.0,
    "meanResTime" : 81.9,
    "medianResTime" : 26.5,
    "minResTime" : 10.0,
    "maxResTime" : 341.0,
    "pct1ResTime" : 262.20000000000005,
    "pct2ResTime" : 337.19999999999993,
    "pct3ResTime" : 341.0,
    "throughput" : 3.8842493688094777,
    "receivedKBytesPerSec" : 3.3000946785783647,
    "sentKBytesPerSec" : 0.5613954165857448
  },
  "GET Itens Estoque" : {
    "transaction" : "GET Itens Estoque",
    "sampleCount" : 40,
    "errorCount" : 0,
    "errorPct" : 0.0,
    "meanResTime" : 372.1,
    "medianResTime" : 290.0,
    "minResTime" : 80.0,
    "maxResTime" : 1845.0,
    "pct1ResTime" : 694.5,
    "pct2ResTime" : 909.9999999999994,
    "pct3ResTime" : 1845.0,
    "throughput" : 2.796420581655481,
    "receivedKBytesPerSec" : 1.8706524398769575,
    "sentKBytesPerSec" : 1.0131562849552573
  },
  "DELETE Remover Cliente Teste" : {
    "transaction" : "DELETE Remover Cliente Teste",
    "sampleCount" : 20,
    "errorCount" : 0,
    "errorPct" : 0.0,
    "meanResTime" : 158.35,
    "medianResTime" : 46.5,
    "minResTime" : 26.0,
    "maxResTime" : 588.0,
    "pct1ResTime" : 575.2,
    "pct2ResTime" : 587.6,
    "pct3ResTime" : 588.0,
    "throughput" : 7.58150113722517,
    "receivedKBytesPerSec" : 2.502487680060652,
    "sentKBytesPerSec" : 2.902293404094011
  },
  "GET Frontend Login Page" : {
    "transaction" : "GET Frontend Login Page",
    "sampleCount" : 20,
    "errorCount" : 0,
    "errorPct" : 0.0,
    "meanResTime" : 81.9,
    "medianResTime" : 16.0,
    "minResTime" : 8.0,
    "maxResTime" : 340.0,
    "pct1ResTime" : 265.2000000000001,
    "pct2ResTime" : 336.44999999999993,
    "pct3ResTime" : 340.0,
    "throughput" : 3.8955979742890534,
    "receivedKBytesPerSec" : 3.3097365601869884,
    "sentKBytesPerSec" : 0.582057119205298
  },
  "PATCH Adicionar Estoque Item Existente" : {
    "transaction" : "PATCH Adicionar Estoque Item Existente",
    "sampleCount" : 20,
    "errorCount" : 0,
    "errorPct" : 0.0,
    "meanResTime" : 308.45,
    "medianResTime" : 86.0,
    "minResTime" : 38.0,
    "maxResTime" : 1854.0,
    "pct1ResTime" : 1090.4000000000015,
    "pct2ResTime" : 1818.9499999999994,
    "pct3ResTime" : 1854.0,
    "throughput" : 4.158004158004158,
    "receivedKBytesPerSec" : 2.891112266112266,
    "sentKBytesPerSec" : 1.6932497401247402
  },
  "Dashboard" : {
    "transaction" : "Dashboard",
    "sampleCount" : 20,
    "errorCount" : 0,
    "errorPct" : 0.0,
    "meanResTime" : 1381.7500000000002,
    "medianResTime" : 1380.5,
    "minResTime" : 948.0,
    "maxResTime" : 1785.0,
    "pct1ResTime" : 1721.3,
    "pct2ResTime" : 1781.8999999999999,
    "pct3ResTime" : 1785.0,
    "throughput" : 7.79423226812159,
    "receivedKBytesPerSec" : 68.10819368667187,
    "sentKBytesPerSec" : 9.095808164458301
  },
  "POST Criar Cliente Teste" : {
    "transaction" : "POST Criar Cliente Teste",
    "sampleCount" : 20,
    "errorCount" : 0,
    "errorPct" : 0.0,
    "meanResTime" : 494.79999999999984,
    "medianResTime" : 60.0,
    "minResTime" : 23.0,
    "maxResTime" : 1958.0,
    "pct1ResTime" : 1885.1000000000001,
    "pct2ResTime" : 1954.85,
    "pct3ResTime" : 1958.0,
    "throughput" : 4.377325454147516,
    "receivedKBytesPerSec" : 2.0670466048369445,
    "sentKBytesPerSec" : 2.3258816207047492
  },
  "GET Clientes" : {
    "transaction" : "GET Clientes",
    "sampleCount" : 40,
    "errorCount" : 0,
    "errorPct" : 0.0,
    "meanResTime" : 251.79999999999998,
    "medianResTime" : 184.5,
    "minResTime" : 88.0,
    "maxResTime" : 635.0,
    "pct1ResTime" : 535.3,
    "pct2ResTime" : 599.9499999999999,
    "pct3ResTime" : 635.0,
    "throughput" : 11.040574109853711,
    "receivedKBytesPerSec" : 18.73878691691968,
    "sentKBytesPerSec" : 4.10786985923268
  },
  "GET Google Font Average Sans" : {
    "transaction" : "GET Google Font Average Sans",
    "sampleCount" : 20,
    "errorCount" : 0,
    "errorPct" : 0.0,
    "meanResTime" : 1310.95,
    "medianResTime" : 1320.0,
    "minResTime" : 1243.0,
    "maxResTime" : 1353.0,
    "pct1ResTime" : 1340.8,
    "pct2ResTime" : 1352.4,
    "pct3ResTime" : 1353.0,
    "throughput" : 14.652014652014651,
    "receivedKBytesPerSec" : 11.847527472527473,
    "sentKBytesPerSec" : 2.732944139194139
  },
  "Load Login Page" : {
    "transaction" : "Load Login Page",
    "sampleCount" : 20,
    "errorCount" : 0,
    "errorPct" : 0.0,
    "meanResTime" : 1929.0499999999997,
    "medianResTime" : 1939.5,
    "minResTime" : 1550.0,
    "maxResTime" : 2318.0,
    "pct1ResTime" : 2196.6,
    "pct2ResTime" : 2312.15,
    "pct3ResTime" : 2318.0,
    "throughput" : 8.481764206955047,
    "receivedKBytesPerSec" : 1705.505526399491,
    "sentKBytesPerSec" : 5.82292991942324
  },
  "Dashboard - Sazional Estacao Anterior" : {
    "transaction" : "Dashboard - Sazional Estacao Anterior",
    "sampleCount" : 20,
    "errorCount" : 0,
    "errorPct" : 0.0,
    "meanResTime" : 889.0,
    "medianResTime" : 861.0,
    "minResTime" : 586.0,
    "maxResTime" : 1265.0,
    "pct1ResTime" : 1208.5000000000002,
    "pct2ResTime" : 1262.8,
    "pct3ResTime" : 1265.0,
    "throughput" : 4.9689440993788825,
    "receivedKBytesPerSec" : 106.9633152173913,
    "sentKBytesPerSec" : 2.008928571428571
  },
  "Dashboard - Fidelizacao Historico" : {
    "transaction" : "Dashboard - Fidelizacao Historico",
    "sampleCount" : 20,
    "errorCount" : 0,
    "errorPct" : 0.0,
    "meanResTime" : 544.1500000000001,
    "medianResTime" : 450.5,
    "minResTime" : 146.0,
    "maxResTime" : 1185.0,
    "pct1ResTime" : 1090.0,
    "pct2ResTime" : 1180.25,
    "pct3ResTime" : 1185.0,
    "throughput" : 4.608294930875576,
    "receivedKBytesPerSec" : 1.5210973502304148,
    "sentKBytesPerSec" : 1.8631192396313365
  },
  "Dashboard - Ruptura Historico" : {
    "transaction" : "Dashboard - Ruptura Historico",
    "sampleCount" : 20,
    "errorCount" : 0,
    "errorPct" : 0.0,
    "meanResTime" : 473.35,
    "medianResTime" : 357.0,
    "minResTime" : 143.0,
    "maxResTime" : 1188.0,
    "pct1ResTime" : 1154.3000000000004,
    "pct2ResTime" : 1187.5,
    "pct3ResTime" : 1188.0,
    "throughput" : 4.601932811780948,
    "receivedKBytesPerSec" : 4.314312011044638,
    "sentKBytesPerSec" : 1.8605470547630005
  },
  "POST Login" : {
    "transaction" : "POST Login",
    "sampleCount" : 20,
    "errorCount" : 0,
    "errorPct" : 0.0,
    "meanResTime" : 1288.8,
    "medianResTime" : 1171.5,
    "minResTime" : 669.0,
    "maxResTime" : 2331.0,
    "pct1ResTime" : 2098.0,
    "pct2ResTime" : 2319.8999999999996,
    "pct3ResTime" : 2331.0,
    "throughput" : 7.710100231303008,
    "receivedKBytesPerSec" : 4.974671116037009,
    "sentKBytesPerSec" : 1.7016432151117966
  },
  "GET Frontend Menu Page" : {
    "transaction" : "GET Frontend Menu Page",
    "sampleCount" : 20,
    "errorCount" : 0,
    "errorPct" : 0.0,
    "meanResTime" : 96.39999999999999,
    "medianResTime" : 58.5,
    "minResTime" : 7.0,
    "maxResTime" : 298.0,
    "pct1ResTime" : 264.60000000000014,
    "pct2ResTime" : 296.59999999999997,
    "pct3ResTime" : 298.0,
    "throughput" : 9.70873786407767,
    "receivedKBytesPerSec" : 8.248634708737864,
    "sentKBytesPerSec" : 1.5169902912621358
  },
  "Dashboard - Ticket Medio Atual" : {
    "transaction" : "Dashboard - Ticket Medio Atual",
    "sampleCount" : 40,
    "errorCount" : 0,
    "errorPct" : 0.0,
    "meanResTime" : 347.19999999999993,
    "medianResTime" : 339.0,
    "minResTime" : 137.0,
    "maxResTime" : 643.0,
    "pct1ResTime" : 527.5,
    "pct2ResTime" : 590.9499999999999,
    "pct3ResTime" : 643.0,